This file was created by CMPT_ME_BEME_OP_INV_RETS_DAILY using the 202312 CRSP database.,,,,,,
The 1-month TBill return is from Ibbotson and Associates, Inc.,,,,,
,,,,,,
,Mkt-RF,SMB,HML,RMW,CMA,RF
20160104,-1.59,-0.76,0.52,0.35,0.42,0
20160105,0.12,-0.24,0.01,0.05,0.31,0
20160106,-1.35,-0.23,0,0.15,0.04,0
20160107,-2.44,-0.29,0.08,0.49,0.36,0
20160108,-1.11,-0.52,-0.03,0.25,0.05,0
20160111,-0.06,-0.61,0.4,0.65,0.34,0
20160112,0.72,-0.48,-0.77,-0.1,-0.39,0
20160113,-2.67,-0.62,0.81,0.4,0.63,0
20160114,1.65,-0.05,-0.4,-0.58,-0.43,0
20160115,-2.14,0.4,-0.24,0.37,0.45,0
20160119,-0.19,-1.38,-0.06,0.34,0.22,0
20160120,-0.94,1.73,-1.27,0.08,-0.52,0
20160121,0.45,-0.49,-0.02,0.49,0.64,0
20160122,2.08,0.13,-0.2,-0.52,-0.64,0
20160125,-1.71,-0.53,-0.99,0.33,-0.01,0
20160126,1.52,0.62,1.18,0.66,0.63,0
20160127,-1.11,-0.42,1.71,-0.13,0.92,0
20160128,0.49,-0.55,1.26,-0.3,-0.44,0
20160129,2.57,0.6,0.43,0.01,0.41,0
20160201,-0.04,-0.3,-1,0.06,-0.35,0.001
20160202,-2,-0.15,-0.37,0.28,0.4,0.001
20160203,0.46,-0.25,0.47,0.41,0.32,0.001
20160204,0.27,0.3,0.35,0.24,0,0.001
20160205,-2.06,-0.74,1.64,1.06,1.19,0.001
20160208,-1.51,0.13,0.83,1.69,0.87,0.001
20160209,-0.09,-0.55,-0.28,-0.01,0.06,0.001
20160210,0.01,-0.21,-0.55,-0.3,-0.69,0.001
20160211,-1.17,0.3,-1.48,0.37,-0.26,0.001
20160212,1.99,-0.27,1.1,-0.4,0.19,0.001
20160216,1.78,0.52,-0.53,-0.01,-0.25,0.001
20160217,1.75,-0.13,-0.65,-0.43,-0.37,0.001
20160218,-0.51,-0.03,0.22,0.41,0.48,0.001
20160219,0.06,0.27,-0.58,-0.65,-0.39,0.001
20160222,1.43,-0.18,0.26,0.25,-0.26,0.001
20160223,-1.22,0.36,-0.51,0.74,0.51,0.001
20160224,0.53,0.66,-0.3,-0.04,0.16,0.001
20160225,1.1,-0.44,0.23,-0.07,-0.24,0.001
20160226,-0.01,0.86,0.29,-0.56,-0.04,0.001
20160229,-0.69,0.72,0.25,0.13,0.53,0.001
20160301,2.34,-0.65,0.39,-0.58,-0.61,0.001
20160302,0.54,0.6,0.68,-0.7,-0.07,0.001
20160303,0.5,0.57,0.66,0.28,0.32,0.001
20160304,0.37,0.33,0.29,0.1,0.07,0.001
20160307,0.21,1.3,0.55,-0.49,0.42,0.001
20160308,-1.27,-1.28,-0.48,0.67,0.15,0.001
20160309,0.5,0.1,0.41,0.22,0.18,0.001
20160310,-0.11,-0.77,0.62,0.32,0.2,0.001
20160311,1.69,0.31,0.23,-0.41,-0.43,0.001
20160314,-0.12,-0.15,-0.9,-0.03,-0.19,0.001
20160315,-0.36,-1.47,0.69,0.46,0.02,0.001
20160316,0.63,0.12,-0.1,0.59,-0.03,0.001
20160317,0.72,0.96,0.59,0.11,0.62,0.001
20160318,0.54,0.43,-0.15,-0.22,0.09,0.001
20160321,0.1,-0.28,-0.32,-0.1,-0.31,0.001
20160322,-0.05,-0.09,-0.44,-0.33,-0.2,0.001
20160323,-0.86,-1.19,-0.15,0.7,0.03,0.001
20160324,0,0.45,-0.07,0.06,0.06,0.001
20160328,0.04,-0.04,0.16,-0.05,0.22,0.001
20160329,1.07,1.69,-1.2,0.18,-0.44,0.001
20160330,0.41,-0.26,0.16,-0.06,-0.01,0.001
20160331,-0.11,0.42,-0.48,-0.11,-0.07,0.001
20160401,0.64,-0.32,-0.62,-0.39,-0.1,0
20160404,-0.41,-0.31,-0.8,-0.24,-0.16,0
20160405,-0.94,-0.18,-0.38,0.08,0.25,0
20160406,1.14,0.1,-0.76,-0.55,-0.53,0
20160407,-1.23,-0.09,-0.38,-0.02,0.26,0
20160408,0.29,0.13,0.68,0.37,0.24,0
20160411,-0.28,-0.01,0.96,0.01,0.24,0
20160412,0.99,0.01,0.87,0.03,-0.13,0
20160413,1.23,0.98,0.38,-0.47,-0.41,0
20160414,0.03,-0.24,0.14,-0.35,-0.07,0
20160415,-0.04,0.31,-0.34,0.23,0.21,0
20160418,0.65,0.14,-0.19,-0.16,-0.07,0
20160419,0.29,-0.2,1.48,-0.19,0.28,0
20160420,0.15,0,0.58,-0.27,-0.17,0
20160421,-0.47,0,-0.6,-0.61,-0.27,0
20160422,0.12,1,0.52,-0.08,0.83,0
20160425,-0.24,-0.64,-0.17,0.1,-0.08,0
20160426,0.29,0.81,0.8,0.31,0.49,0
20160427,0.21,0.16,0.69,-0.2,0.66,0
20160428,-0.96,-0.19,-0.01,-0.5,0.53,0
20160429,-0.5,-0.22,0.38,0.02,-0.19,0
20160502,0.79,0,-0.38,0.03,-0.1,0.001
20160503,-1.05,-0.74,-0.45,0.53,0.04,0.001
20160504,-0.66,-0.15,0.04,0.5,0.33,0.001
20160505,-0.08,-0.53,0.06,0.11,-0.05,0.001
20160506,0.38,0.07,0.24,0.18,0.29,0.001
20160509,0.05,0.22,-1.47,0.14,-0.4,0.001
20160510,1.26,-0.37,0.5,-0.15,0.02,0.001
20160511,-0.89,-0.32,0.8,-0.39,0.03,0.001
20160512,-0.11,-0.62,0.14,0.36,0.02,0.001
20160513,-0.82,0.31,-0.68,-0.55,-0.11,0.001
20160516,0.99,0.22,-0.23,-0.09,-0.26,0.001
20160517,-0.95,-0.71,0.61,-0.13,-0.11,0.001
20160518,0.1,0.18,0.9,-1.3,-0.65,0.001
20160519,-0.33,-0.33,-0.26,0.36,0.04,0.001
20160520,0.75,0.85,-0.27,-0.4,-0.4,0.001
20160523,-0.18,0.24,-0.32,-0.24,0.14,0.001
20160524,1.43,0.64,-0.35,-0.1,-0.4,0.001
20160525,0.72,-0.12,0.56,0.24,-0.15,0.001
20160526,-0.04,-0.16,-0.54,0.15,-0.2,0.001
20160527,0.49,0.36,-0.17,-0.11,-0.1,0.001
20160531,-0.01,0.47,-0.37,-0.21,-0.29,0.001
20160601,0.2,0.63,-0.2,-0.29,0.02,0.001
20160602,0.35,0.26,-0.58,-0.21,0.05,0.001
20160603,-0.38,-0.21,-0.07,0.51,0.16,0.001
20160606,0.6,0.72,0.31,-0.17,-0.12,0.001
20160607,0.12,0.2,0.1,0.35,0.23,0.001
20160608,0.37,0.44,-0.09,0.02,-0.1,0.001
20160609,-0.27,-0.44,-0.24,0.32,0.16,0.001
20160610,-1.05,-0.38,-0.18,0.18,0.57,0.001
20160613,-0.84,-0.36,0.12,-0.24,-0.06,0.001
20160614,-0.19,0.13,-0.72,0.29,0.09,0.001
20160615,-0.11,0.24,-0.03,-0.08,0.09,0.001
20160616,0.24,-0.32,-0.45,0.25,0.33,0.001
20160617,-0.3,0.06,0.95,0.42,0.48,0.001
20160620,0.71,0.6,0.02,-0.19,0.09,0.001
20160621,0.21,-0.62,0.5,-0.19,-0.03,0.001
20160622,-0.2,-0.31,0.08,0.07,-0.03,0.001
20160623,1.45,0.56,0.47,-0.56,-0.24,0.001
20160624,-3.7,0.02,-1.22,0.98,0.19,0.001
20160627,-2.07,-1.08,-0.72,0.58,0.45,0.001
20160628,1.76,-0.36,0.16,-0.62,-0.52,0.001
20160629,1.8,0.31,-0.03,-0.12,-0.32,0.001
20160630,1.42,0.38,0.42,-0.1,0.3,0.001
20160701,0.24,0.47,-0.43,-0.07,0.27,0.001
20160705,-0.85,-0.84,-1.37,0.61,-0.71,0.001
20160706,0.62,0.18,-0.13,-0.05,-0.17,0.001
20160707,0.02,0.32,-0.18,0.13,-0.28,0.001
20160708,1.6,0.98,0.32,0.02,0.29,0.001
20160711,0.43,0.68,0.27,0.32,-0.08,0.001
20160712,0.75,0.75,0.99,-0.59,0.67,0.001
20160713,-0.05,-0.47,0.49,0.51,-0.02,0.001
20160714,0.51,-0.41,0.45,-0.02,0.03,0.001
20160715,-0.05,0.29,0,-0.29,0,0.001
20160718,0.25,0.01,-0.15,0.05,-0.2,0.001
20160719,-0.22,-0.64,0.04,0.46,-0.24,0.001
20160720,0.48,0.39,-0.89,-0.05,-0.35,0.001
20160721,-0.38,-0.05,-0.04,0.16,0.03,0.001
20160722,0.48,0.28,-0.13,0.4,-0.28,0.001
20160725,-0.27,-0.04,-0.23,0.44,-0.4,0.001
20160726,0.13,0.61,0.54,-0.54,0.71,0.001
20160727,-0.14,0.5,-0.43,-0.15,-0.56,0.001
20160728,0.18,-0.53,-0.33,-0.1,-0.15,0.001
20160729,0.17,-0.05,0.01,-0.01,0.35,0.001
20160801,-0.16,0.06,-0.9,0.47,-0.74,0.001
20160802,-0.7,-0.61,0.18,-0.42,0.17,0.001
20160803,0.45,0.61,0.81,-0.71,0.17,0.001
20160804,0.05,0.07,-0.39,0.17,0.07,0.001
20160805,0.93,0.55,0.99,-0.58,-0.34,0.001
20160808,-0.06,0.11,0.5,0.06,0.45,0.001
20160809,0.05,-0.07,-0.27,-0.21,-0.22,0.001
20160810,-0.29,-0.47,-0.18,0.62,0,0.001
20160811,0.54,0.14,0.03,-0.32,0.21,0.001
20160812,-0.06,0.14,-0.17,-0.14,-0.28,0.001
20160815,0.39,0.82,0.39,-0.28,0.4,0.001
20160816,-0.57,-0.2,0.59,-0.09,0.33,0.001
20160817,0.12,-0.51,0.26,0.02,0.05,0.001
20160818,0.32,0.49,0.34,-0.47,0.37,0.001
20160819,-0.11,0.07,-0.14,0.22,-0.14,0.001
20160822,-0.02,0.23,-0.4,0.01,-0.36,0.001
20160823,0.27,0.55,-0.02,-0.02,0.06,0.001
20160824,-0.56,-0.46,0.37,0.44,-0.09,0.001
20160825,-0.08,0.21,0.48,-0.26,0.28,0.001
20160826,-0.15,0.11,-0.09,-0.39,-0.2,0.001
20160829,0.53,0,0.34,-0.08,0.2,0.001
20160830,-0.14,0.22,0.29,-0.12,-0.32,0.001
20160831,-0.24,-0.36,0.14,0.26,-0.35,0.001
20160901,0.03,0.07,-0.5,0.1,-0.14,0.001
20160902,0.53,0.44,0.35,-0.13,0.19,0.001
20160906,0.26,0.03,-0.54,-0.62,0.03,0.001
20160907,0.09,0.62,0.02,-0.06,-0.25,0.001
20160908,-0.18,0.04,0.59,-0.84,0.41,0.001
20160909,-2.47,-0.57,0.41,0.03,-0.44,0.001
20160912,1.44,-0.04,-0.45,-0.15,-0.18,0.001
20160913,-1.48,-0.31,-0.43,0.55,-0.7,0.001
20160914,-0.08,0.05,-0.82,0.09,-0.45,0.001
20160915,1.08,0.3,-0.31,0.06,-0.21,0.001
20160916,-0.36,0.29,-0.45,0.21,-0.19,0.001
20160919,0.05,0.51,0.14,-0.08,0.36,0.001
20160920,-0.02,-0.35,-0.4,-0.55,-0.1,0.001
20160921,1.12,0.21,0.34,-0.4,0.52,0.001
20160922,0.7,0.81,-0.06,0.08,0.11,0.001
20160923,-0.6,-0.06,-0.21,0.53,-0.51,0.001
20160926,-0.88,-0.3,-0.35,-0.15,0.17,0.001
20160927,0.64,-0.13,-0.5,-0.04,-0.38,0.001
20160928,0.56,0.24,1.11,-0.91,1.15,0.001
20160929,-0.98,-0.39,0.51,0.28,0.67,0.001
20160930,0.88,0.43,0.34,-0.2,0.1,0.001
20161003,-0.26,-0.04,-0.12,0.02,0.17,0.001
20161004,-0.46,0.06,0.15,0.11,-0.31,0.001
20161005,0.58,0.42,0.8,-0.48,0.44,0.001
20161006,-0.06,-0.23,0.28,0.45,0.23,0.001
20161007,-0.38,-0.54,0.2,-0.28,-0.35,0.001
20161010,0.52,0.57,0.05,-0.55,-0.19,0.001
20161011,-1.3,-0.57,0.43,0.39,0.08,0.001
20161012,0.06,-0.22,0.34,0.67,0.14,0.001
20161013,-0.42,-0.74,-0.63,0.33,-0.15,0.001
20161014,0.01,-0.36,0.58,0.07,0.1,0.001
20161017,-0.29,-0.01,0.15,0.11,0.11,0.001
20161018,0.6,-0.16,0.05,-0.3,-0.31,0.001
20161019,0.25,0.13,0.94,-0.11,0.49,0.001
20161020,-0.16,-0.04,-0.11,-0.48,-0.02,0.001
20161021,0.02,-0.18,-0.33,0.17,-0.17,0.001
20161024,0.54,0.07,-0.19,0.59,-0.49,0.001
20161025,-0.46,-0.61,0.24,0.01,-0.02,0.001
20161026,-0.23,-0.73,0.7,0.12,0.51,0.001
20161027,-0.33,-0.94,0.56,-0.11,0.02,0.001
20161028,-0.29,-0.13,0.08,-0.13,0.36,0.001
20161031,0.02,0.11,0.1,0.48,-0.34,0.001
20161101,-0.68,-0.38,0.2,-0.5,-0.06,0.001
20161102,-0.73,-0.56,0.25,0.97,0.11,0.001
20161103,-0.4,-0.37,1.05,0.13,0.8,0.001
20161104,-0.12,0.85,-0.44,-0.09,-0.05,0.001
20161107,2.23,0.17,-0.13,-0.31,-0.22,0.001
20161108,0.4,-0.11,-0.22,-0.06,0.29,0.001
20161109,1.46,2.13,1.07,-0.81,0.72,0.001
20161110,0.32,1.46,1.84,-0.26,0.35,0.001
20161111,0.18,2.53,-0.02,0.02,-0.33,0.001
20161114,0.21,0.92,1.41,-0.22,0.34,0.001
20161115,0.8,-0.54,0.15,-0.5,0.22,0.001
20161116,-0.12,0.22,-0.56,0.76,-0.16,0.001
20161117,0.56,0.16,-0.15,0.17,-0.42,0.001
20161118,-0.16,0.57,0.38,-0.19,0.11,0.001
20161121,0.77,-0.26,0.06,-0.05,0.35,0.001
20161122,0.31,0.65,0.53,0.85,0.28,0.001
20161123,0.16,0.56,0.19,-0.26,0.16,0.001
20161125,0.4,-0.05,-0.29,0.26,-0.16,0.001
20161128,-0.64,-0.77,0.09,0.68,-0.35,0.001
20161129,0.11,-0.38,-0.05,0.43,-0.5,0.001
20161130,-0.25,-0.17,2.21,-1.43,1.99,0.001
20161201,-0.36,-0.39,2.03,0.31,0.62,0.001
20161202,0,-0.01,-0.32,-0.11,0.09,0.001
20161205,0.75,1.12,0.27,-0.31,-0.16,0.001
20161206,0.48,0.63,0.22,-0.16,-0.08,0.001
20161207,1.26,-0.49,0.48,0.84,-0.01,0.001
20161208,0.36,1.24,0.61,-0.22,-0.1,0.001
20161209,0.46,-0.35,0.2,-0.06,-0.04,0.001
20161212,-0.3,-0.98,-0.13,0.11,0.04,0.001
20161213,0.6,-0.58,-0.26,0.06,-0.17,0.001
20161214,-0.82,-0.39,-0.28,0.44,-0.51,0.001
20161215,0.46,0.46,0.3,0.03,0.06,0.001
20161216,-0.22,-0.01,-0.41,-0.15,-0.01,0.001
20161219,0.22,0.32,0.06,0.21,0.05,0.001
20161220,0.44,0.5,0.63,0.12,0.1,0.001
20161221,-0.24,-0.34,0.19,0.15,0.05,0.001
20161222,-0.3,-0.78,0.26,-0.21,0.05,0.001
20161223,0.19,0.53,-0.5,-0.36,-0.15,0.001
20161227,0.27,0.23,0.14,0.17,0.04,0.001
20161228,-0.87,-0.29,0.09,0.17,-0.15,0.001
20161229,-0.04,0.1,-0.33,0.27,0.02,0.001
20161230,-0.52,-0.06,0.2,-0.11,0.03,0.001
20170103,0.83,-0.11,0.06,-0.2,0.26,0.002
20170104,0.79,0.97,-0.16,-0.47,-0.04,0.002
20170105,-0.21,-1.02,-0.79,-0.21,-0.08,0.002
20170106,0.29,-0.74,-0.31,-0.35,-0.3,0.002
20170109,-0.37,-0.34,-1.03,0.14,-0.52,0.002
20170110,0.16,0.93,0.43,0.04,0.04,0.002
20170111,0.31,-0.16,0.68,0.07,0.28,0.002
20170112,-0.3,-0.65,-0.87,0.05,-0.28,0.002
20170113,0.29,0.59,-0.08,-0.28,-0.17,0.002
20170117,-0.49,-0.96,-0.64,0.59,0.39,0.002
20170118,0.24,0.2,0.24,-0.11,-0.1,0.002
20170119,-0.38,-0.55,-0.05,-0.1,-0.03,0.002
20170120,0.33,0.09,0.23,0.14,0.01,0.002
20170123,-0.29,-0.06,-0.33,0.43,-0.35,0.002
20170124,0.83,0.8,0.81,-0.24,0.49,0.002
20170125,0.84,0.21,0.43,-0.26,-0.16,0.002
20170126,-0.1,-0.58,0.41,-0.08,-0.16,0.002
20170127,-0.12,-0.06,-0.68,0.1,0.05,0.002
20170130,-0.68,-0.74,-0.46,0.6,-0.15,0.002
20170131,0,0.81,-0.56,-0.39,-0.25,0.002
20170201,0.03,-0.08,0.04,0.22,-0.22,0.002
20170202,-0.02,-0.3,-0.29,-0.31,0.16,0.002
20170203,0.82,0.62,0.75,-0.5,0.31,0.002
20170206,-0.27,-0.64,-0.19,0.1,-0.21,0.002
20170207,-0.01,-0.38,-0.52,0.39,-0.23,0.002
20170208,0.06,-0.28,-0.6,0.3,-0.07,0.002
20170209,0.72,0.7,0.07,-0.27,0.05,0.002
20170210,0.38,0.41,0.14,0.01,0.15,0.002
20170213,0.49,-0.26,0.33,0,0.04,0.002
20170214,0.45,-0.17,0.36,-0.44,-0.08,0.002
20170215,0.54,0.14,-0.43,0.2,-0.06,0.002
20170216,-0.16,-0.22,0.01,0.27,-0.23,0.002
20170217,0.2,-0.06,-0.54,0.01,-0.4,0.002
20170221,0.6,0.06,0.13,0.32,0.37,0.002
20170222,-0.15,-0.38,0.1,0.48,-0.33,0.002
20170223,-0.11,-0.72,0.25,-0.25,-0.45,0.002
20170224,0.15,-0.11,-0.98,0.33,-0.23,0.002
20170227,0.22,0.85,-0.33,-0.38,-0.15,0.002
20170228,-0.42,-1.36,0.16,-0.01,-0.2,0.002
20170301,1.47,0.52,0.77,-0.54,0.54,0.001
20170302,-0.7,-0.54,-0.9,0.63,-0.43,0.001
20170303,0.09,-0.18,0.14,-0.06,-0.1,0.001
20170306,-0.38,-0.41,-0.08,-0.05,0.01,0.001
20170307,-0.36,-0.35,-0.06,0.1,-0.25,0.001
20170308,-0.19,-0.19,-0.83,0.44,-0.75,0.001
20170309,0.04,-0.53,-0.23,-0.58,-0.14,0.001
20170310,0.34,0.06,-0.48,0.27,0.04,0.001
20170313,0.13,0.32,-0.07,-0.12,0.04,0.001
20170314,-0.36,-0.22,0,0.5,-0.25,0.001
20170315,0.86,0.7,-0.46,-0.12,0.5,0.001
20170316,-0.06,0.44,0.22,-0.15,-0.36,0.001
20170317,-0.08,0.58,-0.33,0.15,0.02,0.001
20170320,-0.25,-0.2,-0.72,-0.15,-0.05,0.001
20170321,-1.48,-1.41,-0.71,0.86,0.29,0.001
20170322,0.16,-0.33,-0.57,0.16,-0.16,0.001
20170323,-0.03,0.74,0.49,-0.03,0.2,0.001
20170324,-0.05,0.11,-0.21,-0.27,-0.32,0.001
20170327,-0.05,0.47,-0.49,-0.21,-0.27,0.001
20170328,0.72,-0.05,0.72,0.05,0.39,0.001
20170329,0.18,0.33,-0.09,-0.25,0.12,0.001
20170330,0.36,0.42,0.92,-0.06,-0.16,0.001
20170331,-0.16,0.55,-0.32,0.04,0.08,0.001
20170403,-0.28,-1.15,-0.08,-0.15,-0.06,0.003
20170404,0.05,-0.24,0.32,-0.08,0.2,0.003
20170405,-0.44,-0.83,-0.3,0.46,-0.1,0.003
20170406,0.32,0.74,0.48,-0.13,0.37,0.003
20170407,-0.08,0.07,-0.26,0.01,-0.05,0.003
20170410,0.08,0.14,0.07,0.19,0.49,0.003
20170411,-0.05,0.8,0.23,0.21,0.19,0.003
20170412,-0.49,-0.94,-0.54,-0.04,-0.54,0.003
20170413,-0.75,-0.34,-0.81,-0.03,-0.38,0.003
20170417,0.89,0.29,0.24,0.02,-0.14,0.003
20170418,-0.25,0.31,-0.19,0.31,0.11,0.003
20170419,-0.08,0.56,-0.44,0.44,-0.84,0.003
20170420,0.83,0.6,0.26,0.2,-0.2,0.003
20170421,-0.28,0.06,-0.15,0.35,-0.19,0.003
20170424,1.18,0.29,0.5,-0.07,0.16,0.003
20170425,0.65,0.39,-0.07,-0.38,0.31,0.003
20170426,0.04,0.75,0.32,0.23,0.01,0.003
20170427,0.05,-0.2,-0.98,0.2,-0.57,0.003
20170428,-0.3,-0.76,-0.61,0.1,-0.19,0.003
20170501,0.21,0.25,-0.13,-0.17,-0.5,0.003
20170502,0.03,-0.47,-0.21,0.4,-0.35,0.003
20170503,-0.19,-0.52,0.22,-0.04,0.13,0.003
20170504,0.02,-0.13,-0.36,0.36,-0.71,0.003
20170505,0.46,0.11,0,-0.22,0.65,0.003
20170508,-0.04,-0.21,0.26,0.13,0.08,0.003
20170509,-0.05,0.4,-0.81,0.34,-0.37,0.003
20170510,0.2,0.25,0.03,-0.31,0.39,0.003
20170511,-0.26,-0.43,-0.15,-0.25,-0.02,0.003
20170512,-0.18,-0.38,-0.61,-0.27,-0.33,0.003
20170515,0.53,0.25,0.2,-0.31,0.04,0.003
20170516,-0.03,0.1,-0.09,-0.25,-0.12,0.003
20170517,-1.97,-0.96,-0.6,0.53,0.29,0.003
20170518,0.4,0,-0.39,-0.33,-0.59,0.003
20170519,0.7,-0.34,0.4,-0.09,0.79,0.003
20170522,0.56,0.25,-0.3,-0.04,-0.31,0.003
20170523,0.18,-0.01,0.65,-0.23,0.08,0.003
20170524,0.24,-0.19,-0.46,0.14,-0.3,0.003
20170525,0.42,-0.35,-0.75,0.54,-0.63,0.003
20170526,0.06,-0.03,0.1,0.18,0.14,0.003
20170530,-0.19,-0.54,-0.34,0.63,-0.04,0.003
20170531,-0.02,-0.04,-0.53,0.28,-0.09,0.003
20170601,0.95,1.03,0.04,-0.2,0.05,0.003
20170602,0.35,0.44,-0.76,0.15,-0.48,0.003
20170605,-0.17,-0.46,-0.03,-0.17,0.05,0.003
20170606,-0.28,0.1,-0.03,-0.47,0.38,0.003
20170607,0.15,-0.12,-0.04,0.53,-0.67,0.003
20170608,0.18,1.19,0.93,-0.69,-0.05,0.003
20170609,-0.12,0.31,2.44,-0.15,1.09,0.003
20170612,-0.11,-0.17,0.34,0.08,0.57,0.003
20170613,0.55,0.06,-0.14,-0.3,-0.08,0.003
20170614,-0.17,-0.55,-0.52,0.12,-0.52,0.003
20170615,-0.3,-0.31,-0.11,0.08,-0.1,0.003
20170616,-0.03,-0.25,-0.15,-0.46,0.16,0.003
20170619,0.86,0.1,-0.75,-0.11,-0.1,0.003
20170620,-0.73,-0.45,-0.48,-0.21,-0.23,0.003
20170621,-0.07,-0.23,-1.67,-0.23,-1.15,0.003
20170622,0.02,0.46,-0.4,-0.17,-0.03,0.003
20170623,0.24,0.75,-0.48,-0.37,0.08,0.003
20170626,0.04,0.09,0.7,0.22,0.18,0.003
20170627,-0.85,-0.21,1.34,0.34,0.35,0.003
20170628,1.02,0.8,0.21,-0.2,-0.1,0.003
20170629,-0.83,0.05,1.37,-0.23,0.34,0.003
20170630,0.14,-0.09,-0.29,0.21,0.3,0.003
20170703,0.24,0.44,1.21,-0.53,0.71,0.004
20170705,0.12,-0.69,-0.58,0.14,-0.67,0.004
20170706,-0.95,-0.44,0.12,0.21,-0.08,0.004
20170707,0.7,0.4,-0.41,0.18,-0.5,0.004
20170710,0.05,-0.47,-0.08,-0.12,-0.01,0.004
20170711,0,0.29,-0.55,-0.33,0.18,0.004
20170712,0.72,0.06,-0.53,0.12,-0.21,0.004
20170713,0.17,-0.01,0.39,-0.04,0.18,0.004
20170714,0.42,-0.22,-0.52,0.16,-0.01,0.004
20170717,0,0.22,0.1,0.18,0.08,0.004
20170718,0.04,-0.37,-0.31,-0.09,-0.42,0.004
20170719,0.59,0.46,0.03,-0.23,0.2,0.004
20170720,-0.01,0.05,-0.04,0.12,-0.28,0.004
20170721,-0.08,-0.42,-0.24,-0.01,-0.33,0.004
20170724,-0.03,0.11,-0.19,-0.24,-0.41,0.004
20170725,0.38,0.44,0.96,-0.19,0.65,0.004
20170726,-0.06,-0.49,-0.77,-0.16,0.07,0.004
20170727,-0.14,-0.68,0.44,0.28,0.35,0.004
20170728,-0.17,-0.06,0.26,-0.21,0.25,0.004
20170731,-0.11,-0.28,0.43,-0.07,0.04,0.004
20170801,0.24,-0.13,0.14,0.27,-0.49,0.004
20170802,-0.08,-1.16,0.14,0.04,-0.38,0.004
20170803,-0.21,-0.35,-0.33,0.28,-0.35,0.004
20170804,0.25,0.36,0.39,-0.03,0.08,0.004
20170807,0.16,-0.1,-0.58,0.23,-0.36,0.004
20170808,-0.24,-0.08,0.24,-0.33,-0.19,0.004
20170809,-0.14,-0.8,-0.07,0.14,0.04,0.004
20170810,-1.49,-0.31,0.27,0.3,0.11,0.004
20170811,0.19,0.17,-0.87,0.36,-0.08,0.004
20170814,1.03,0.33,0.13,-0.05,-0.46,0.004
20170815,-0.11,-0.87,-0.03,-0.17,-0.25,0.004
20170816,0.18,-0.14,-0.44,0.33,-0.14,0.004
20170817,-1.6,-0.18,-0.17,-0.04,0.14,0.004
20170818,-0.15,0.11,0.24,-0.27,-0.01,0.004
20170821,0.06,-0.27,-0.22,0.2,-0.14,0.004
20170822,1.06,-0.02,-0.24,-0.17,0.18,0.004
20170823,-0.33,0.12,0.41,-0.49,0.12,0.004
20170824,-0.14,0.57,0.17,-0.49,0.21,0.004
20170825,0.18,0.16,0.56,0.12,0.24,0.004
20170828,0.08,0.31,-0.73,0.18,-0.1,0.004
20170829,0.1,0.09,-0.38,0,0.08,0.004
20170830,0.53,0,-0.31,0.1,-0.38,0.004
20170831,0.62,0.38,-0.43,-0.3,0.06,0.004
20170901,0.27,0.43,0.41,-0.08,0.35,0.005
20170905,-0.81,-0.03,-0.98,-0.06,0.49,0.005
20170906,0.28,-0.05,0.12,-0.37,0.16,0.005
20170907,-0.07,0.01,-0.92,0.03,0.12,0.005
20170908,-0.16,0.13,0.38,0.21,-0.11,0.005
20170911,1.08,-0.06,0.64,-0.32,-0.09,0.005
20170912,0.44,0.33,0.72,0.09,0.18,0.005
20170913,0.11,0.27,0.33,-0.34,0.13,0.005
20170914,-0.12,-0.07,-0.06,-0.32,0.24,0.005
20170915,0.19,0.25,0.14,0.29,-0.03,0.005
20170918,0.24,0.4,0.21,-0.48,0.25,0.005
20170919,0.15,-0.2,0.39,0.04,0.05,0.005
20170920,0.16,0.27,0.49,-0.18,0.31,0.005
20170921,-0.28,0.15,0.37,-0.05,-0.06,0.005
20170922,0.12,0.43,0.12,0.39,0.32,0.005
20170925,-0.25,0.35,0.6,-0.22,0.62,0.005
20170926,0.05,0.47,0.17,0.57,-0.17,0.005
20170927,0.63,1.43,0.23,-0.28,-0.48,0.005
20170928,0.13,0.17,-0.04,-0.1,-0.15,0.005
20170929,0.35,-0.14,-0.26,-0.11,-0.32,0.005
20171002,0.5,0.88,0.13,-0.21,0.24,0.004
20171003,0.26,-0.03,-0.04,-0.02,-0.09,0.004
20171004,0.05,-0.34,-0.45,-0.11,0.04,0.004
20171005,0.55,-0.31,0.38,-0.31,-0.18,0.004
20171006,-0.08,-0.08,-0.26,0.17,-0.37,0.004
20171009,-0.22,-0.28,0,0.11,-0.21,0.004
20171010,0.24,0.04,0.43,0.11,-0.1,0.004
20171011,0.16,-0.25,-0.19,-0.05,-0.09,0.004
20171012,-0.18,-0.11,-0.52,0.17,0.09,0.004
20171013,0.04,-0.3,0.1,0.21,-0.01,0.004
20171016,0.17,-0.29,0.33,0.03,-0.08,0.004
20171017,0.01,-0.34,-0.3,0.41,-0.17,0.004
20171018,0.14,0.35,0.22,0.31,-0.14,0.004
20171019,0.02,-0.35,0.17,0.14,0.09,0.004
20171020,0.57,0,0.27,0.09,-0.01,0.004
20171023,-0.45,-0.36,0.18,0.26,-0.36,0.004
20171024,0.2,-0.1,0.5,0.01,-0.11,0.004
20171025,-0.51,0.05,0.16,0.24,-0.49,0.004
20171026,0.2,0.07,0.3,0.15,-0.17,0.004
20171027,0.82,-0.06,-0.96,0.08,-1.22,0.004
20171030,-0.46,-0.79,-0.04,-0.57,-0.29,0.004
20171031,0.23,0.77,-0.24,-0.2,0.13,0.004
20171101,0.05,-0.8,0.08,0,-0.06,0.004
20171102,0.06,0.02,0.5,-0.25,0.29,0.004
20171103,0.31,-0.54,-0.72,-0.15,-0.09,0.004
20171106,0.06,0.15,0.2,-0.65,0.19,0.004
20171107,-0.2,-1.43,-0.41,0.47,-0.13,0.004
20171108,0.12,-0.04,-0.59,0.56,-0.1,0.004
20171109,-0.41,0,0.24,0,0.06,0.004
20171110,0.01,0.07,-0.42,0.21,0.11,0.004
20171113,0.09,-0.29,0.09,0.03,-0.8,0.004
20171114,-0.22,-0.06,0.01,0.94,-0.5,0.004
20171115,-0.52,0.05,0.23,-0.05,0.16,0.004
20171116,1.01,0.85,-0.54,0.55,-0.04,0.004
20171117,-0.14,0.72,0.29,-0.17,0.46,0.004
20171120,0.21,0.62,0.02,0.26,0,0.004
20171121,0.67,0.36,-0.33,0.03,-0.57,0.004
20171122,-0.05,0.08,-0.07,-0.22,0.23,0.004
20171124,0.21,0,-0.43,0.04,-0.07,0.004
20171127,-0.06,-0.3,0.01,0.6,-0.16,0.004
20171128,1.06,0.56,0.87,0.29,-0.01,0.004
20171129,0.02,0.35,1.5,0.76,0.5,0.004
20171130,0.82,-0.61,-0.51,-0.2,0.14,0.004
20171201,-0.22,-0.32,0.38,-0.41,0.37,0.004
20171204,-0.1,-0.13,1.23,0.95,0.53,0.004
20171205,-0.43,-0.47,-0.23,0.22,-0.18,0.004
20171206,-0.09,-0.51,-0.53,0.41,-0.52,0.004
20171207,0.42,0.27,-0.2,-0.23,0.12,0.004
20171208,0.51,-0.45,-0.13,-0.07,0.16,0.004
20171211,0.26,-0.44,-0.19,-0.05,0.07,0.004
20171212,0.07,-0.44,0.5,0.03,0.09,0.004
20171213,0.02,0.62,-0.89,0.28,-0.07,0.004
20171214,-0.47,-0.76,-0.22,-0.17,-0.13,0.004
20171215,0.92,0.68,0.05,0.32,-0.47,0.004
20171218,0.67,0.82,0.27,0.22,0.16,0.004
20171219,-0.3,-0.33,-0.24,0.26,0.38,0.004
20171220,0.01,0.37,0.07,-0.16,0.35,0.004
20171221,0.24,0.3,0.62,-0.71,0.32,0.004
20171222,-0.07,-0.2,-0.21,-0.1,0.21,0.004
20171226,-0.07,0.31,-0.07,-0.13,0.58,0.004
20171227,0.05,-0.16,-0.2,0.09,-0.15,0.004
20171228,0.22,0.1,0.05,-0.14,-0.21,0.004
20171229,-0.57,-0.31,0,0.17,0.17,0.004
20180102,0.85,0.3,-0.22,-0.5,0.31,0.006
20180103,0.59,-0.46,-0.18,-0.7,-0.06,0.006
20180104,0.42,-0.22,0.24,-0.02,0.31,0.006
20180105,0.66,-0.37,-0.26,0.37,-0.38,0.006
20180108,0.19,-0.19,0.05,-0.07,0.01,0.006
20180109,0.15,-0.39,-0.04,-0.13,0.03,0.006
20180110,-0.07,0.14,0.57,-0.33,0.03,0.006
20180111,0.87,1.13,0.31,-0.22,0.59,0.006
20180112,0.66,-0.33,0.16,-0.1,0.18,0.006
20180116,-0.49,-0.99,0.01,0.44,-0.4,0.006
20180117,0.95,-0.05,-0.1,-0.08,-0.1,0.006
20180118,-0.18,-0.43,-0.25,0.29,-0.38,0.006
20180119,0.57,0.93,-0.04,0.07,0.12,0.006
20180122,0.77,-0.35,-0.16,-0.54,0.23,0.006
20180123,0.22,0.07,-0.36,-0.38,-0.26,0.006
20180124,-0.13,-0.75,0.44,0,0.1,0.006
20180125,0.07,0.11,-0.54,0.19,-0.19,0.006
20180126,1.11,-0.61,-0.51,0.29,-0.17,0.006
20180129,-0.62,0,-0.25,0.14,-0.37,0.006
20180130,-1.06,0.12,-0.21,0.38,-0.41,0.006
20180131,-0.07,-0.68,0.11,0.1,-0.03,0.006
20180201,0.03,0.12,0.54,-0.53,0,0.006
20180202,-2.13,0.01,-0.29,0.61,-0.51,0.006
20180205,-4.03,0.65,-0.58,0.17,-0.07,0.006
20180206,1.67,-0.48,-0.18,0.05,-0.02,0.006
20180207,-0.38,0.61,0.21,0.34,0.23,0.006
20180208,-3.68,0.8,0.52,0.41,-0.04,0.006
20180209,1.36,-0.55,0.15,0.17,-0.32,0.006
20180212,1.36,-0.47,-0.29,-0.24,-0.08,0.006
20180213,0.31,0.13,-0.24,0.21,-0.11,0.006
20180214,1.52,0.29,0.49,-0.67,-0.04,0.006
20180215,1.21,-0.16,-0.63,0.19,-0.34,0.006
20180216,0.03,0.37,0.16,0.03,0.05,0.006
20180220,-0.62,-0.35,-0.24,-0.27,-0.14,0.006
20180221,-0.43,0.8,0.23,0.07,-0.19,0.006
20180222,0.01,-0.04,-0.41,0.13,0.48,0.006
20180223,1.54,-0.38,-0.15,-0.17,-0.07,0.006
20180226,1.12,-0.48,-0.07,-0.16,-0.24,0.006
20180227,-1.25,-0.2,0.03,-0.09,-0.07,0.006
20180228,-1.11,-0.43,-0.31,0.21,-0.26,0.006
20180301,-1.19,0.97,-0.02,-0.24,0.05,0.005
20180302,0.7,1.11,-0.49,-0.41,-0.35,0.005
20180305,1.06,-0.41,0.23,-0.59,0.09,0.005
20180306,0.36,0.69,0.12,0.22,-0.02,0.005
20180307,0.05,0.76,-0.44,-0.04,-0.31,0.005
20180308,0.37,-0.57,-0.36,0.01,-0.18,0.005
20180309,1.7,-0.2,0.28,-0.26,0.01,0.005
20180312,-0.09,0.44,-0.08,-0.34,-0.23,0.005
20180313,-0.67,0.09,0.03,0.48,0,0.005
20180314,-0.53,0.15,-0.57,-0.11,-0.39,0.005
20180315,-0.18,-0.38,0.32,0.14,-0.12,0.005
20180316,0.25,0.47,0.18,0.06,0.29,0.005
20180319,-1.38,0.41,0.41,0.32,0.1,0.005
20180320,0.15,-0.13,-0.36,-0.01,-0.07,0.005
20180321,-0.06,0.69,0.45,-1.08,0.87,0.005
20180322,-2.54,0.4,-0.49,0.22,0.01,0.005
20180323,-2.09,0.09,-0.23,0.13,0.77,0.005
20180326,2.67,-0.62,0.03,0,-0.61,0.005
20180327,-1.87,-0.23,0.37,0.78,0.53,0.005
20180328,-0.35,0.21,0.65,0.75,-0.08,0.005
20180329,1.41,-0.31,-0.22,-0.37,-0.16,0.005
20180402,-2.29,-0.09,0.36,0.17,-0.07,0.007
20180403,1.24,-0.02,0.19,0.26,0.19,0.007
20180404,1.17,0.34,-0.32,0.07,-0.13,0.007
20180405,0.75,0.05,0.46,0.11,0.28,0.007
20180406,-2.19,0.37,-0.06,0.14,-0.04,0.007
20180409,0.3,-0.24,-0.53,-0.75,-0.28,0.007
20180410,1.77,0.33,-0.12,-0.84,0.55,0.007
20180411,-0.49,0.79,-0.31,-0.61,0.3,0.007
20180412,0.84,-0.17,0.18,-0.22,0.08,0.007
20180413,-0.37,-0.1,-0.24,-0.07,0.2,0.007
20180416,0.82,0.15,-0.02,0.8,0.03,0.007
20180417,1.09,0.01,-1.18,-0.24,-0.4,0.007
20180418,0.13,0.2,0.02,-0.28,0.49,0.007
20180419,-0.49,-0.3,1.08,-0.48,0.07,0.007
20180420,-0.81,0.1,0.58,-0.54,0.28,0.007
20180423,-0.05,-0.07,0.2,0.29,0.11,0.007
20180424,-1.3,0.65,1.02,0.04,0.1,0.007
20180425,0.1,-0.27,0.08,0.4,0.14,0.007
20180426,0.96,-0.54,-0.85,-0.53,-0.42,0.007
20180427,0.01,-0.26,0.03,0.62,0.09,0.007
20180430,-0.8,-0.07,-0.1,-0.41,-0.07,0.007
20180501,0.24,0.24,-0.54,-0.04,-0.96,0.006
20180502,-0.63,1.25,-0.36,0.04,0.02,0.006
20180503,-0.25,-0.61,-0.15,0.05,-0.12,0.006
20180504,1.3,-0.02,-0.2,-0.43,0,0.006
20180507,0.42,0.37,-0.34,-0.52,-0.22,0.006
20180508,0.07,0.51,0.24,-0.25,0.08,0.006
20180509,0.89,-0.28,0.26,-0.89,0.14,0.006
20180510,0.85,-0.38,-0.04,0.23,-0.34,0.006
20180511,0.19,0.14,-0.38,0.25,0.12,0.006
20180514,0.05,-0.3,0.1,-0.19,0.49,0.006
20180515,-0.55,0.71,0.41,-0.07,0.38,0.006
20180516,0.5,0.7,-0.25,0.35,0.06,0.006
20180517,0.02,0.86,0.3,-0.35,0.43,0.006
20180518,-0.23,0.45,-0.61,0.12,-0.18,0.006
20180521,0.72,-0.18,0.44,0.17,0.11,0.006
20180522,-0.42,-0.65,0.61,-0.32,-0.41,0.006
20180523,0.29,-0.06,-0.7,0,-0.33,0.006
20180524,-0.16,0.33,-0.35,0.5,0.11,0.006
20180525,-0.21,0.24,-0.4,0.55,-0.59,0.006
20180529,-1.04,1.11,-1.02,0.19,-0.01,0.006
20180530,1.31,0.04,0.37,-0.72,0.18,0.006
20180531,-0.7,0.05,-0.43,-0.5,-0.13,0.006
20180601,1.06,-0.21,-0.11,-0.06,-0.17,0.006
20180604,0.48,0.18,-0.45,1.03,-0.42,0.006
20180605,0.17,0.78,-0.44,0.21,0.16,0.006
20180606,0.86,-0.27,0.2,-0.03,0.17,0.006
20180607,-0.14,-0.26,0.93,0.17,0.59,0.006
20180608,0.31,0.04,-0.4,0.24,-0.19,0.006
20180611,0.12,0.15,-0.17,0.2,0.24,0.006
20180612,0.23,0.18,-0.63,0.08,-0.15,0.006
20180613,-0.33,0.03,-0.2,-0.53,-0.19,0.006
20180614,0.27,0.2,-1,-0.04,-0.61,0.006
20180615,-0.08,0.12,-0.25,0.66,-0.22,0.006
20180618,-0.09,0.74,0.08,-0.41,0.1,0.006
20180619,-0.38,0.54,-0.14,-0.24,-0.46,0.006
20180620,0.23,0.66,-0.51,-0.15,0.1,0.006
20180621,-0.73,-0.55,0.33,0.45,0,0.006
20180622,0.11,-0.08,0.46,-0.52,0.92,0.006
20180625,-1.48,-0.45,0.57,0.63,-0.02,0.006
20180626,0.27,0.51,-0.24,-0.48,0.13,0.006
20180627,-1.02,-1.01,0.36,-0.06,0.47,0.006
20180628,0.58,-0.21,-0.51,-0.18,-0.51,0.006
20180629,0.07,-0.24,-0.24,-0.24,0,0.006
20180702,0.36,0.45,-0.25,-0.08,-0.54,0.008
20180703,-0.44,0.76,-0.02,-0.29,0.46,0.008
20180705,0.87,0.39,-0.43,0.33,-0.17,0.008
20180706,0.88,-0.02,-0.3,-0.25,-0.13,0.008
20180709,0.93,-0.29,0.85,0.03,-0.22,0.008
20180710,0.21,-0.82,-0.17,0.1,0.27,0.008
20180711,-0.69,-0.06,-0.45,-0.12,-0.29,0.008
20180712,0.86,-0.44,-1.14,-0.05,-0.46,0.008
20180713,0.08,-0.18,-0.3,0.34,0.19,0.008
20180716,-0.16,-0.61,0.98,-0.2,-0.14,0.008
20180717,0.48,0.17,-0.76,0.11,-0.24,0.008
20180718,0.27,-0.14,0.67,-0.15,-0.17,0.008
20180719,-0.34,0.91,-0.36,0.16,0.04,0.008
20180720,-0.1,-0.17,0.12,0.11,-0.22,0.008
20180723,0.15,-0.2,0.55,-0.22,-0.18,0.008
20180724,0.22,-1.32,0.39,0.49,0.09,0.008
20180725,0.83,-0.59,-1.06,0.08,-0.37,0.008
20180726,-0.2,0.76,0.57,-0.04,0.6,0.008
20180727,-0.82,-1.21,1.06,0.52,0.48,0.008
20180730,-0.7,0.01,1.57,0.32,1,0.008
20180731,0.51,0.73,-1.11,0.28,0.25,0.008
20180801,-0.13,-0.02,-0.19,-0.19,-0.79,0.007
20180802,0.67,0.17,-0.67,0.01,-0.58,0.007
20180803,0.31,-0.93,0.52,0.63,0.35,0.007
20180806,0.46,0.22,-0.34,-0.31,-0.21,0.007
20180807,0.29,-0.02,-0.17,-0.31,-0.15,0.007
20180808,-0.04,-0.11,0.27,-0.02,-0.07,0.007
20180809,-0.05,0.34,-0.35,0.02,-0.25,0.007
20180810,-0.6,0.31,-0.21,-0.26,0.22,0.007
20180813,-0.46,-0.21,-0.29,0.3,0.02,0.007
20180814,0.69,0.32,0.21,0.34,0.18,0.007
20180815,-0.91,-0.52,-0.13,0.63,-0.1,0.007
20180816,0.86,-0.04,0.25,-0.08,0.4,0.007
20180817,0.3,0.13,0.01,0.22,0.2,0.007
20180820,0.25,0.15,0.14,0.11,0.13,0.007
20180821,0.33,0.92,0.12,-0.23,-0.23,0.007
20180822,0.05,0.29,-0.35,-0.5,-0.27,0.007
20180823,-0.19,-0.1,-0.32,0,-0.19,0.007
20180824,0.62,-0.08,-0.58,-0.3,-0.19,0.007
20180827,0.74,-0.62,-0.16,-0.21,-0.37,0.007
20180828,-0.01,-0.11,-0.24,0.1,-0.06,0.007
20180829,0.56,-0.14,-0.58,-0.15,-0.28,0.007
20180830,-0.41,0.23,-0.42,-0.22,-0.13,0.007
20180831,0.08,0.45,-0.38,0.15,-0.13,0.007
20180904,-0.11,-0.34,0.01,-0.05,-0.15,0.008
20180905,-0.41,-0.04,0.66,0.46,0.59,0.008
20180906,-0.44,-0.36,-0.24,0.42,0.33,0.008
20180907,-0.18,0.08,-0.21,0.03,0.05,0.008
20180910,0.23,0.08,-0.37,0.08,-0.25,0.008
20180911,0.37,-0.34,-0.24,-0.13,-0.39,0.008
20180912,0.03,-0.12,-0.23,0.04,0.54,0.008
20180913,0.45,-0.49,-0.4,0.04,-0.04,0.008
20180914,0.12,0.31,0.25,-0.11,-0.06,0.008
20180917,-0.71,-0.35,0.83,0.32,0.74,0.008
20180918,0.57,0.03,-0.48,-0.24,-0.22,0.008
20180919,0.06,-0.5,1.28,-0.45,-0.01,0.008
20180920,0.77,0.29,-0.22,0.07,-0.09,0.008
20180921,-0.13,-0.42,0.3,0.26,0.65,0.008
20180924,-0.31,-0.05,-0.9,-0.48,-0.29,0.008
20180925,-0.05,0.2,-0.38,-0.34,-0.07,0.008
20180926,-0.4,-0.48,-0.63,0.48,0.11,0.008
20180927,0.27,-0.34,-0.55,0.11,-0.34,0.008
20180928,-0.03,0.34,-0.2,0.11,0.18,0.008
20181001,0.16,-1.62,0.34,-0.12,0.04,0.008
20181002,-0.21,-0.94,0.59,0.13,0.36,0.008
20181003,0.2,0.89,0.51,-0.36,-0.21,0.008
20181004,-0.93,-0.8,1.57,0.13,0.77,0.008
20181005,-0.64,-0.41,0.38,-0.38,0.41,0.008
20181008,-0.17,-0.24,1.22,0.52,0.64,0.008
20181009,-0.18,-0.41,0.28,-0.51,0.22,0.008
20181010,-3.33,0.41,1.1,0.22,0.78,0.008
20181011,-1.96,0.37,-0.92,0.43,-0.54,0.008
20181012,1.38,-1.11,-1.74,0.07,-0.43,0.008
20181015,-0.48,1,0.51,0.37,0.49,0.008
20181016,2.24,0.57,-1.43,-0.24,-0.69,0.008
20181017,-0.08,-0.62,0.25,-0.24,0.17,0.008
20181018,-1.54,-0.53,0.42,-0.33,0.38,0.008
20181019,-0.25,-1.27,0.71,0.45,0.56,0.008
20181022,-0.38,0.36,-1.25,1.1,-0.17,0.008
20181023,-0.62,-0.18,-0.41,0.1,-0.09,0.008
20181024,-3.33,-0.83,0.77,0.31,1.25,0.008
20181025,1.93,0.31,-0.58,-0.19,-1.09,0.008
20181026,-1.65,0.59,0.35,-0.35,0.5,0.008
20181029,-0.77,-0.1,1.62,-0.01,0.97,0.008
20181030,1.66,0.45,0.08,0.37,0.32,0.008
20181031,1.22,-0.7,-0.74,-0.41,-0.95,0.008
20181101,1.29,1.22,-1.14,-0.24,-0.49,0.008
20181102,-0.53,0.85,0.67,-0.47,0.23,0.008
20181105,0.4,-0.88,1.55,-0.49,0.76,0.008
20181106,0.58,-0.15,0.03,0.3,0.2,0.008
20181107,2.11,-0.51,-1.06,-0.39,-0.81,0.008
20181108,-0.28,-0.17,0.26,0.37,0.33,0.008
20181109,-1.04,-0.85,0.41,0.63,0.66,0.008
20181112,-2.06,0.1,0.85,0.53,0.88,0.008
20181113,-0.13,-0.05,0.16,0.21,-0.3,0.008
20181114,-0.77,0.03,-0.29,0.59,0.1,0.008
20181115,1.18,0.31,-0.41,-0.83,-0.7,0.008
20181116,0.15,-0.02,-0.05,-0.78,0.18,0.008
20181119,-1.88,-0.39,2.3,0.21,1.23,0.008
20181120,-1.85,0.02,-0.53,-0.36,-0.31,0.008
20181121,0.51,0.95,-0.34,-0.34,0.01,0.008
20181123,-0.55,0.76,-0.59,0.29,-0.06,0.008
20181126,1.62,-0.69,-0.2,-0.41,-0.73,0.008
20181127,0.11,-1.06,0.26,0.6,0.13,0.008
20181128,2.42,0.31,-1.16,0.07,-0.93,0.008
20181129,-0.22,-0.21,-0.1,-0.49,0.04,0.008
20181130,0.78,-0.38,-0.43,0.24,-0.27,0.008
20181203,1.13,-0.1,-0.8,-0.24,-0.54,0.011
20181204,-3.45,-1.03,-0.21,-0.13,0.95,0.011
20181206,-0.16,-0.05,-1.05,0.14,-0.32,0.011
20181207,-2.36,0.27,1.32,-0.48,0.63,0.011
20181210,0.1,-0.36,-1.62,0.28,-0.31,0.011
20181211,-0.08,-0.15,-0.4,0.17,-0.07,0.011
20181212,0.68,0.5,-0.19,-0.23,-0.08,0.011
20181213,-0.26,-1.55,-0.19,0.2,0.04,0.011
20181214,-1.89,0.09,0.5,-0.21,0.62,0.011
20181217,-2.13,-0.12,1.09,0.26,0.17,0.011
20181218,-0.03,-0.04,-0.6,0.91,-0.47,0.011
20181219,-1.58,-0.6,0.04,-0.37,0.42,0.011
20181220,-1.62,-0.12,0.98,0.61,-0.08,0.011
20181221,-2.17,-0.53,0.77,0.12,0.64,0.011
20181224,-2.55,0.92,-0.48,-0.33,-0.33,0.011
20181226,5.06,-0.2,-1.02,-0.21,-1.08,0.011
20181227,0.78,-0.71,-0.12,-0.14,0.1,0.011
20181228,-0.03,0.75,0.26,-0.37,-0.06,0.011
20181231,0.9,-0.14,-0.46,-0.09,-0.13,0.011
20190102,0.23,0.74,1.11,-0.12,0.27,0.01
20190103,-2.45,0.48,1.2,-0.22,0.89,0.01
20190104,3.55,0.36,-0.7,-0.11,-0.59,0.01
20190107,0.94,0.87,-0.75,-0.72,-0.45,0.01
20190108,1.01,0.44,-0.63,0.31,-0.09,0.01
20190109,0.56,0.5,0.1,0.08,-0.2,0.01
20190110,0.42,0,-0.46,-0.06,-0.04,0.01
20190111,-0.01,0.2,0.22,0.23,0.25,0.01
20190114,-0.6,-0.45,0.94,0.24,-0.01,0.01
20190115,1.06,-0.14,-0.88,-0.3,-0.57,0.01
20190116,0.28,0.25,0.92,-0.11,-0.23,0.01
20190117,0.75,0.09,-0.24,0.06,0,0.01
20190118,1.29,-0.29,0.12,0.2,-0.27,0.01
20190122,-1.53,-0.35,0.32,0.26,0.34,0.01
20190123,0.15,-0.41,-0.13,0.35,0.29,0.01
20190124,0.23,0.48,-0.01,-0.15,-0.19,0.01
20190125,0.9,0.42,-0.35,-0.35,-0.58,0.01
20190128,-0.8,-0.07,0.63,0.28,0.16,0.01
20190129,-0.19,0.03,0.17,0.04,0.46,0.01
20190130,1.51,-0.35,-0.94,-0.24,-0.87,0.01
20190131,0.92,-0.06,-1.08,-0.37,-0.01,0.01
20190201,0.14,-0.16,0.43,-0.74,0.3,0.01
20190204,0.72,0.41,-0.47,0.19,-0.21,0.01
20190205,0.43,-0.12,-0.6,0.61,-0.34,0.01
20190206,-0.22,-0.03,0.07,-0.11,0.09,0.01
20190207,-0.93,-0.14,0.4,0.54,0.27,0.01
20190208,0.09,-0.08,-0.69,-0.34,-0.12,0.01
20190211,0.14,0.67,0.23,-0.09,-0.02,0.01
20190212,1.36,0.04,-0.16,-0.13,-0.28,0.01
20190213,0.28,0.06,0.07,0.12,0.23,0.01
20190214,-0.21,0.52,-0.58,0.41,-0.18,0.01
20190215,1.13,0.38,0.47,-0.21,0.01,0.01
20190219,0.19,0.31,0.3,0.03,0.22,0.01
20190220,0.19,0.29,0.55,0.01,-0.27,0.01
20190221,-0.37,-0.04,-0.22,0.57,0.13,0.01
20190222,0.65,0.39,-1.47,0.29,-0.61,0.01
20190225,0.15,-0.28,-0.18,-0.86,-0.5,0.01
20190226,-0.16,-0.68,-0.33,0.09,-0.15,0.01
20190227,0.09,0.15,-0.12,-0.68,-0.08,0.01
20190228,-0.31,-0.02,-0.24,0.29,0.16,0.01
20190301,0.72,0.25,-0.4,-0.36,-0.17,0.009
20190304,-0.52,-0.39,0.37,0.15,-0.08,0.009
20190305,-0.17,-0.32,-0.23,0.28,0,0.009
20190306,-0.84,-1.23,0.05,0.56,0.13,0.009
20190307,-0.82,-0.05,-0.33,-0.38,0.13,0.009
20190308,-0.22,0.06,-0.16,-0.11,-0.28,0.009
20190311,1.49,0.27,-0.53,-0.28,-0.47,0.009
20190312,0.25,-0.31,-0.09,-0.43,0.02,0.009
20190313,0.68,-0.32,0.07,-0.17,0.19,0.009
20190314,-0.1,-0.38,0.3,-0.15,-0.1,0.009
20190315,0.48,-0.24,-0.25,-0.03,-0.19,0.009
20190318,0.46,0.23,0.44,-0.08,-0.07,0.009
20190319,-0.09,-0.47,-0.93,0.01,-0.05,0.009
20190320,-0.39,-0.23,-1.05,-0.21,-0.23,0.009
20190321,1.11,0.17,-1.23,0.31,-0.34,0.009
20190322,-2.17,-1.57,-0.07,0.56,0.6,0.009
20190325,-0.05,0.6,-0.25,0.2,0.04,0.009
20190326,0.76,0.23,0.46,0.05,0.19,0.009
20190327,-0.5,0.17,0.5,0.76,0.1,0.009
20190328,0.4,0.35,0.02,-0.13,-0.08,0.009
20190329,0.66,-0.28,-0.92,0.2,-0.17,0.009
20190401,1.19,-0.19,0.99,-0.06,-0.32,0.01
20190402,-0.05,-0.18,-0.44,-0.38,-0.5,0.01
20190403,0.27,0.23,-0.4,0.13,-0.4,0.01
20190404,0.19,0.35,0.93,0.64,0.22,0.01
20190405,0.52,0.49,-0.08,-0.28,0.1,0.01
20190408,0.08,-0.31,0.1,0.28,-0.03,0.01
20190409,-0.65,-0.6,-0.14,0.12,-0.04,0.01
20190410,0.48,0.95,-0.1,0.09,-0.12,0.01
20190411,0,-0.27,0.41,0.04,0.11,0.01
20190412,0.65,-0.36,0.65,0.53,-0.26,0.01
20190415,-0.09,-0.26,-0.53,0.36,0.08,0.01
20190416,0.13,0.24,0.7,-0.08,-0.13,0.01
20190417,-0.32,-0.53,0.83,1.13,-0.27,0.01
20190418,0.11,-0.28,-0.51,0.14,-0.21,0.01
20190422,0.11,-0.48,-0.56,-0.52,-0.16,0.01
20190423,0.97,0.66,-0.48,-0.11,-0.44,0.01
20190424,-0.23,0.31,-0.07,0.61,0.03,0.01
20190425,-0.14,-0.8,-0.19,-0.64,-0.24,0.01
20190426,0.53,0.47,0.07,-0.08,-0.19,0.01
20190429,0.18,0.16,0.65,-0.38,-0.15,0.01
20190430,-0.04,-0.68,0.28,0.11,0.7,0.01
20190501,-0.83,-0.07,-0.02,0.34,-0.06,0.009
20190502,-0.16,0.46,-0.27,0,0.05,0.009
20190503,1.13,0.94,-0.27,-0.01,-0.34,0.009
20190506,-0.39,0.58,-0.42,0.01,0.06,0.009
20190507,-1.69,-0.27,0.5,0.03,0.31,0.009
20190508,-0.22,-0.21,-0.32,-0.01,0.19,0.009
20190509,-0.28,0.06,0.12,-0.35,0,0.009
20190510,0.35,-0.33,0.08,-0.1,0.26,0.009
20190513,-2.67,-0.68,0.28,0.23,0.83,0.009
20190514,0.93,0.34,-0.02,-0.55,0,0.009
20190515,0.58,-0.1,-0.96,0.13,-0.3,0.009
20190516,0.91,-0.45,-0.32,-0.14,-0.23,0.009
20190517,-0.73,-0.76,0.29,0.06,0.32,0.009
20190520,-0.65,-0.11,0.72,0.06,0.42,0.009
20190521,0.9,0.44,-0.35,-0.13,-0.19,0.009
20190522,-0.4,-0.65,-0.6,-0.15,0.19,0.009
20190523,-1.37,-0.72,-0.28,0.31,0.27,0.009
20190524,0.23,0.51,0.31,-0.49,-0.03,0.009
20190528,-0.78,0.21,-0.63,0.01,-0.26,0.009
20190529,-0.71,-0.24,0.41,-0.18,0,0.009
20190530,0.14,-0.38,-0.76,0.26,-0.04,0.009
20190531,-1.37,-0.23,-0.1,0.02,0.4,0.009
20190603,-0.4,0.58,1.66,0.28,1.39,0.009
20190604,2.33,0.49,-0.03,0.29,-0.47,0.009
20190605,0.7,-1.06,-0.97,0.06,-0.2,0.009
20190606,0.55,-1.08,0.01,0.06,-0.07,0.009
20190607,1.04,-0.14,-1.2,0.35,-0.65,0.009
20190610,0.53,0.01,0.08,0.39,-0.36,0.009
20190611,-0.12,-0.2,0.55,0.47,0.17,0.009
20190612,-0.2,0.29,-0.99,0.06,0.1,0.009
20190613,0.52,0.68,-0.04,-0.12,-0.05,0.009
20190614,-0.27,-0.74,0.32,0.25,0.14,0.009
20190617,0.15,0.49,-1.12,-0.67,-0.42,0.009
20190618,1.04,0.19,0.33,-0.25,-0.19,0.009
20190619,0.32,0.02,-0.6,-0.21,0.17,0.009
20190620,0.89,-0.4,-0.23,-0.14,-0.12,0.009
20190621,-0.21,-0.46,-0.03,-0.11,0.02,0.009
20190624,-0.34,-0.9,0.08,0.64,-0.02,0.009
20190625,-0.98,0.41,0.71,-0.1,0.57,0.009
20190626,-0.06,0.02,0.25,0.37,-0.39,0.009
20190627,0.6,1.43,-0.09,-0.34,-0.23,0.009
20190628,0.68,0.77,0.61,-0.46,0.11,0.009
20190701,0.75,-0.59,-0.13,-0.13,0.05,0.009
20190702,0.14,-0.96,-0.81,-0.02,-0.02,0.009
20190703,0.78,-0.13,-0.33,-0.35,-0.05,0.009
20190705,-0.1,0.34,0.91,0.13,-0.05,0.009
20190708,-0.58,-0.43,0.05,0.04,-0.26,0.009
20190709,0.18,-0.24,-0.43,-0.65,-0.19,0.009
20190710,0.4,-0.25,-0.36,0.11,-0.02,0.009
20190711,0.19,-0.77,0.04,-0.24,-0.56,0.009
20190712,0.53,0.32,0.41,0.59,-0.09,0.009
20190715,-0.04,-0.47,-1.07,0.14,0.24,0.009
20190716,-0.32,0.41,0.1,0.44,-0.02,0.009
20190717,-0.64,-0.26,-0.65,-0.49,-0.23,0.009
20190718,0.35,-0.27,0.02,-0.36,0.35,0.009
20190719,-0.56,0.3,0.86,0.37,0.09,0.009
20190722,0.25,-0.55,-0.49,-0.19,0,0.009
20190723,0.65,-0.06,0.81,0.66,0.34,0.009
20190724,0.66,0.92,0.86,-0.08,-0.09,0.009
20190725,-0.63,-0.68,-0.12,0.16,0.05,0.009
20190726,0.82,0.33,-0.19,-0.61,-0.25,0.009
20190729,-0.32,-0.35,-0.46,0.31,0.38,0.009
20190730,-0.17,1.42,0.89,-0.18,0.1,0.009
20190731,-1.09,0.26,0.61,0.19,0.53,0.009
20190801,-1.04,-0.76,-1.9,-0.54,-0.3,0.007
20190802,-0.87,-0.26,0.06,0.15,0.19,0.007
20190805,-3.07,0.05,0,-0.07,0.27,0.007
20190806,1.29,-0.55,-0.59,-0.27,-0.25,0.007
20190807,0.07,-0.1,-0.9,0.18,-0.18,0.007
20190808,1.97,-0.03,-0.23,0.28,-0.31,0.007
20190809,-0.78,-0.5,-0.22,-0.48,-0.02,0.007
20190812,-1.32,0.21,-0.27,0.13,0.24,0.007
20190813,1.47,-0.35,-0.53,0.35,-0.04,0.007
20190814,-2.95,0.02,-0.51,-0.37,0.01,0.007
20190815,0.16,-0.69,-0.53,-0.07,-0.46,0.007
20190816,1.55,0.64,0.61,0.14,-0.06,0.007
20190819,1.14,0.03,0.22,0.37,-0.01,0.007
20190820,-0.75,0.18,-0.5,0.12,-0.18,0.007
20190821,0.85,-0.03,-0.3,-0.03,-0.01,0.007
20190822,-0.1,-0.35,0.49,0.22,0.26,0.007
20190823,-2.66,-0.61,-0.18,-0.63,-0.24,0.007
20190826,1.08,-0.04,-0.17,0.19,-0.15,0.007
20190827,-0.46,-1,-0.67,0.26,0.07,0.007
20190828,0.68,0.62,0.62,0.34,0.21,0.007
20190829,1.35,0.4,0.34,0.17,-0.18,0.007
20190830,0.03,-0.25,0.23,0.1,0.13,0.007
20190903,-0.86,-0.93,0.1,-0.2,0.45,0.009
20190904,1.08,-0.15,0.43,0.25,-0.07,0.009
20190905,1.42,0.55,0.71,0.43,-0.01,0.009
20190906,-0.02,-0.36,0.04,0.16,0.42,0.009
20190909,0.07,1.36,3.06,0.87,0.42,0.009
20190910,0.17,1.41,1.13,-0.03,0.59,0.009
20190911,0.88,1.37,-0.04,-0.23,0.34,0.009
20190912,0.22,-0.39,-0.13,-0.22,-0.18,0.009
20190913,-0.01,0.18,0.74,-0.02,-0.1,0.009
20190916,-0.23,0.88,0.53,-0.32,0.05,0.009
20190917,0.17,-0.79,-1.19,-0.19,-0.35,0.009
20190918,-0.05,-0.78,0.06,-0.12,0.04,0.009
20190919,-0.05,-0.48,-0.46,0.04,-0.2,0.009
20190920,-0.48,0.3,0.15,-0.59,0.08,0.009
20190923,-0.02,-0.11,0.51,0.27,0.27,0.009
20190924,-1.01,-0.75,0,0.17,0.45,0.009
20190925,0.69,0.42,0.53,0.42,0,0.009
20190926,-0.41,-0.98,0.11,0.36,0.29,0.009
20190927,-0.62,-0.17,0.88,0.24,0.56,0.009
20190930,0.5,-0.26,-0.48,0.62,-0.02,0.009
20191001,-1.31,-0.65,-0.59,0.1,-0.19,0.007
20191002,-1.73,0.77,-0.36,-0.47,-0.26,0.007
20191003,0.8,-0.38,-0.89,-0.19,-0.18,0.007
20191004,1.39,-0.51,-0.07,-0.02,0.04,0.007
20191007,-0.41,0.13,-0.02,-0.06,-0.26,0.007
20191008,-1.61,-0.15,-0.12,0.43,0.02,0.007
20191009,0.92,-0.58,-0.09,0.13,-0.17,0.007
20191010,0.59,-0.26,0.26,0.12,-0.09,0.007
20191011,1.23,0.6,0.19,0.49,0.3,0.007
20191014,-0.18,-0.35,-0.04,-0.17,-0.08,0.007
20191015,1.03,0.25,-0.25,-0.22,-0.68,0.007
20191016,-0.24,0.48,0.23,0.38,0.26,0.007
20191017,0.37,0.79,-0.28,0.11,-0.04,0.007
20191018,-0.49,-0.14,0.86,-0.08,0.38,0.007
20191021,0.71,0.3,0.35,0.02,0.02,0.007
20191022,-0.34,0.49,0.85,0.42,0.32,0.007
20191023,0.25,-0.11,0.26,-0.01,0.08,0.007
20191024,0.25,-0.5,-0.89,-0.06,-0.66,0.007
20191025,0.51,0.39,0.08,0.34,-0.04,0.007
20191028,0.62,0.28,-0.24,0.01,-0.04,0.007
20191029,-0.13,0.4,0.51,-0.06,0.1,0.007
20191030,0.27,-0.64,-1.16,-0.47,-0.02,0.007
20191031,-0.38,-0.34,-0.44,-0.27,0.19,0.007
20191101,1.08,0.65,0.83,-0.17,0.13,0.006
20191104,0.4,0.32,1.35,0.62,0.12,0.006
20191105,-0.03,0.38,0.45,0,-0.02,0.006
20191106,-0.05,-0.8,0.23,-0.17,0.31,0.006
20191107,0.38,-0.01,0.51,0.09,-0.21,0.006
20191108,0.31,-0.01,-0.36,-0.13,0.06,0.006
20191111,-0.19,-0.07,-0.19,-0.07,-0.08,0.006
20191112,0.16,-0.19,-0.15,-0.17,-0.22,0.006
20191113,0.01,-0.41,-0.82,-0.28,-0.03,0.006
20191114,0.07,-0.15,-0.25,0.13,-0.35,0.006
20191115,0.74,-0.29,-0.34,-0.01,0.05,0.006
20191118,0.02,-0.36,-0.51,-0.03,-0.32,0.006
20191119,0.02,0.35,-0.94,-0.86,-0.22,0.006
20191120,-0.33,-0.14,-0.45,-0.55,-0.29,0.006
20191121,-0.14,-0.31,0.1,0.08,-0.1,0.006
20191122,0.24,0.16,0.22,0.18,0.05,0.006
20191125,0.92,1.27,-0.38,0.11,0.02,0.006
20191126,0.19,-0.09,-0.9,0.2,-0.25,0.006
20191127,0.44,0.22,-0.03,0.03,-0.02,0.006
20191129,-0.42,-0.11,-0.31,-0.47,0,0.006
20191202,-0.87,-0.13,0.48,0.09,0.2,0.007
20191203,-0.66,0.42,-0.83,-0.51,-0.55,0.007
20191204,0.6,0.21,0.24,0.16,0.09,0.007
20191205,0.13,-0.14,0.46,0.26,0.35,0.007
20191206,0.91,0.38,0.37,0.34,0.22,0.007
20191209,-0.33,0.31,0.11,-0.13,-0.22,0.007
20191210,-0.08,0.28,-0.09,-0.2,0.04,0.007
20191211,0.28,-0.09,0.13,0.32,0.16,0.007
20191212,0.9,0.12,1.14,0.12,0.2,0.007
20191213,-0.03,-0.45,-0.54,-0.27,-0.23,0.007
20191216,0.74,-0.04,-0.04,-0.4,0.2,0.007
20191217,0.1,0.48,0.67,0.11,-0.03,0.007
20191218,-0.05,0.3,0.09,0.28,0,0.007
20191219,0.43,-0.14,-0.42,-0.25,-0.03,0.007
20191220,0.48,-0.27,-0.3,0,-0.07,0.007
20191223,0.1,0.16,-0.35,-0.13,0.34,0.007
20191224,0.01,0.37,0,-0.28,0.04,0.007
20191226,0.48,-0.56,0,0.25,-0.18,0.007
20191227,-0.1,-0.55,-0.07,0.25,0.1,0.007
20191230,-0.57,0.28,0.56,0.11,0.38,0.007
20191231,0.28,0.01,0.12,-0.12,0.25,0.007
